{"fO0GNQfOxbqsfKvnnE3UVA==":"logo-150x61.png","fRC4OqfWdTTSq3PaMoEWaw==":"logo-370x150.png","9oNpRvG75BE1NBUDym56Jg==":"senaicimatec-2000x1125.jpg","WOonvBYpa1ItTrd7bPONtw==":"mbr-492x412.jpg","6iZxdwONhxz5cdl+nEwokg==":"automa%C3%A7%C3%A3o-350x235.jpg","Eq7Evy5HAk9Zd8+zdWA9rg==":"civil-492x295.jpg","7Afvd/MKVomx4WbXwFMF4w==":"automa%C3%A7%C3%A3o-350x235.jpg","/br+kE9Rqljw1R1vLfH2Kw==":"automa%C3%A7%C3%A3o-350x235.jpg","MsWteYSb70jtiFnwzfuWWA==":"automa%C3%A7%C3%A3o-350x235.jpg","SsJ6VU+aTC5w+JNL6IX8zA==":"senaicimatec-492x277.jpg","cluYV1vFapoi3FnpjbqSsg==":"automa-492x328.jpg","FTpeqUoiCwRt6gWeLRRPkA==":"automa-1-492x328.jpg","RY5wgZbp8EQuIJJc2Gimjg==":"automa-2-492x328.jpg","F1/6M2W6JbEZVP0nrZ9vYQ==":"eletrica-492x327.jpg","R/yAmRnbLAgh2klUVl/+Eg==":"eletrica-1-492x327.jpg","HacYGQ49pNA1klhouKTG9Q==":"materiais-492x369.jpg","RHgUmHTwlGJK6UrOMNxg+w==":"materiais-1-492x369.jpg","zUq1jYHhKlgqvn/zTL7Ceg==":"materiais-2-492x369.jpg","z8ZlLcSL4P54Gv4kcd4OKA==":"mecanica-676x254.jpg","AOJwLiBWJ7VhDNIkqLnesg==":"mecanica2-676x451.jpg","AfLpPNyDDJxygTn31BlmBA==":"producao-676x451.jpg","AP7k+B4A2lwm/Proq2ezdA==":"quimica-676x450.jpg","DQqmquAap9XaDWCJcAcsGw==":"logo_bj-240x170.png","z/VwxDjHUpGY5MaNXXOjbg==":"logo-header-1-240x100.png","JWvIk+D6vtvh/NLdeuo5Ow==":"marca%20horizontal-1429x470.png","8OaBA5oiERfMOkQ316DGpQ==":"redemais-1361x509.png","QNQ5z2dpzp9DLtCxju/lsg==":"senai-311x150.png","Hh1Kr1aQj/fgNEp1cjwLhg==":"logo-1-370x150.png","ihlkf69UyfSmhSyJ1Jvc6w==":"jumbotron.jpg","OQArqbuGyDOKOgHnv1Hbog==":"img-1620-1332x999.jpg","ZBzFR8sGW/eeMv+7wRx3PQ==":"logo-siamac-593x155.png","HkVyRSoiXzOyiq+cpiP9mw==":"whatsapp%20image%202017-10-14%20at%2012.48.41-1280x708.jpg","8IoNfm5dN2ac0bmdARjZEQ==":"pic1-1920x1280.jpg","1gF082JSoJ7eaKEjcMuF5g==":"cadeia%20de%20insumo-700x400.png","JmhCTPoMGsVfsvqM1oTB6g==":"gestaoestoque1-700x400-ilovemg-resized-700x400.png","IdT0aBjpgHE5OKnyvrGoYw==":"search-700x400.png","/Z8pT79xxmFcONNJDwaONA==":"autocad-mecanico-din-700x400-iloveimg-resized-700x400.jpg","1GXc1C5ZP40LjW4KVcdgpQ==":"mbr-1620x1080.jpg","TIs8duASxnItYUlHxboV+w==":"mbr-1440x1080.jpg","f+dI/xlZoGMO8eQgISOewQ==":"crm-e-automacao-de-marketing-1378x902.png","iPcaM3R3Edn7aODLXlmDXA==":"tim-1150x600.jpg","LiUIORYxGXGMpCM1i0NnEA==":"06.jpg","Ly+mdm63lVz6CqSX2vcU6g==":"background3.jpg","4+DzqXFpj/z2AIwVP9lcYQ==":"background5.jpg","eoYU/aiNC4Ce+rsKshUaWw==":"jumbotron2.jpg","mwW9RM1/v5DUWtOpzdSyzA==":"engenharia-civil-no-brasil-1728x800.jpg","nymbJXNvhn6Dj0EUy3cKKA==":"civil-1-492x295.jpg","8orFvqsKyO962O1mze8TEA==":"engenhariacivil3-guia-das-engenharias.jpg-1000x667.jpg","970BXChm+EBnYQ7yrOJBBg==":"eletrica-1-393x241.jpg","wgE/wti2RcFxRtJgrqXbLw==":"mbr-1618x1080.jpg","pK4az1uhHBYC5rZX9yuHRg==":"mbr-1-1620x1080.jpg","hN7tu089eCyj0vwNCPEjRw==":"mecanica2-1-676x451.jpg","seOvVud3BUNL7yxWBOdefQ==":"mbr-1-1440x1080.jpg","Ms5dbfl1e4hCUHkYXkAlMg==":"producao-1-676x451.jpg","HX4llzgiXueP9EHxBm9MdA==":"mbr-1920x1067.jpg","QtHO17TE8L/cKpzmbc52yQ==":"mbr-2-1620x1080.jpg","sYwibz3PeSWoqlAlzwNM5A==":"mbr-3-1620x1080.jpg","gfNXzG9AM+jH0YruGOOWaQ==":"mbr-1-1618x1080.jpg","SJ91TRKJ3WvcDBKT9ie3xA==":"video_ctec-680x883.png","1q0LlwpnhskvuuSi871+dA==":"qr_code_video_ctec-680x680.png","4Uf7KjjjYgYYP2zFnLpsDQ==":"qr_code_efetivacao_ctec-680x680.png","PvJCCw46y/TeHM3smVp5vw==":"qr_code_another_nps-680x680.png","2awBD+FQ+dgAvWn3GPjbpg==":"mbr-4-1620x1080.jpg","9HGZOTqBDcLSSGVzhW2dwg==":"img-8081-240x239.jpg","bMZRXfeX8i7BnkAib0FBfA==":"mbr-2-1618x1080.jpg","stMwCezkmQt7Rubip3Adlw==":"mbr-2-1440x1080.jpg","Vxc1GUSntXma2duxR3dPjg==":"mbr-5-1620x1080.jpg","xwsYOY6qJNegVtipq8wQPA==":"mbr-1919x1080.jpg","TThVmXamr8iB0eFkqMXySQ==":"mbr-1920x1080.jpg","rD2yM0R8hzu2OYj4NeVwEg==":"arduino-200x150.png","Q8kyWdiPLYJ/4F1Ss+9IyA==":"03.jpg","Os1hpkyKHdJTZJYYSjSiXg==":"01.jpg","0OOE1Usrtktm437Z/qTMRQ==":"background2.jpg","/GmRliaBjl52+ySZ7gEMhA==":"automa%C3%A7%C3%A3o-residencial-855x425.jpg","6dUJvTZ9Nd53l/4Xy0y5uQ==":"automacaocomercial-1000x705.jpg","RK306jF6h8PgYZDibSk5/g==":"automacaocomercial-1-1000x705.jpg","cOCNDdBGelBxVPxRV4aVkQ==":"automacaocomercial-2-1000x705.jpg","ltr5AGsaV+1AElll7+LVAw==":"automacaocomercial-3-1000x705.jpg","VaICatQejgFkYNN+hrD7SA==":"crea-jr-620x175.png","pYQcnG8rDq+S+aAO7VDRng==":"mbr-492x328.jpg","+NcogK+Hthcz3aHYb+mg6A==":"mbr-1-492x328.jpg","5BXXaNWF9OFHW5zPgn//Ng==":"mbr-2-492x328.jpg","R8yxxAwouUAYHS0hU5JbRw==":"mbr-6-1620x1080.jpg","GeJiEGDjt5qbkO9VOhlCSA==":"mbr-7-1620x1080.jpg","+j7fooGDX1lRwKkzUUoqeA==":"mbr-8-1620x1080.jpg","DMlAIPp17l6Q4ttLHQSYJw==":"mbr-3-492x328.jpg","VRrrJGhxH6Lwj9ls9aXsAg==":"mbr-492x341.jpg","wNuyfKJ8U3dxg2ngJF+qww==":"mbr-492x338.jpg","FINKy6JfCAOSs4KMb6eL2w==":"mbr-4-492x328.jpg","fSeZMrwMZsbc+VPmv2O7Mg==":"efetivacao-928x928.png","OwswRJXRTfEgy0vSjX5MxA==":"mbr-1-1920x1080.jpg","LKa8PwkTpyrI/k6BP+/Opg==":"post-automacao-1-1046x523.jpg","0pa7wHPNz5yt4roT0gSFaw==":"arquiteto-2-450x280.png","OT662WBHY39ZqLNWbwQGDA==":"construccion-621x467.png","SMJUjl6FlX3tjWETzIhJVA==":"projeto-arquitetonico-1498985-676x454.jpg","Ro8JgplP9R50ffnqVeKFOQ==":"7461063958_5fbd31019c_b-676x505.jpg","HJ/LDDbFhHh+Wf9bq+Aryw==":"7461063958_5fbd31019c_b-1-676x505.jpg","0ynbo4wtdevYox2NqyW5SA==":"projetos-obras-arquitetura-acessibilidade-sp-676x451.jpg","ENTIOcoX70Q/SUxdRkH3UQ==":"imgg_zz0b7598aeb9_800x600-565x424.jpg","H35Js22damyKR0wSUjiNMw==":"imgg_zz0b7598aeb9_800x600-1-565x424.jpg","Pd7IuZM/bONagccPaKp0uQ==":"exigencia-vistoria-tecnica-600x399.jpg","KrH5hVgVoGMww2ZLsrdMIQ==":"mbr-1046x696.jpg","1WwCupgIdu6AFXcjLeQNKQ==":"montagem-instalacoes-eletricas-1-675x405.jpg","u86hEOEyp053yGWxfiSmUA==":"mbr-1-1046x696.jpg","Db8HasERsGfooSAKV+0qxA==":"mbr-2-1046x696.jpg","s6btYXlPqWQ3tTeXUlVHCw==":"mbr-3-1046x696.jpg","zFAD7deaVd9d+dTCSKswHA==":"20162134.760420.5032-676x380.jpg","iGNSxpSI2EP+trmDLl9XqQ==":"m%C3%A9todo-de-ensaio-de-dureza-1-500x339.jpg","H0kUNOPAu8EUUJChhNr2RQ==":"m%C3%A9todo-de-ensaio-de-dureza-1-500x339.jpg","dCao5yUbeGREka8EML8SrQ==":"m%C3%A9todo-de-ensaio-de-dureza-1-500x339.jpg","kgZJbC+IitwAoorwaeElXA==":"concepts-plats-d-illustration-de-conception-pour-l-analyse-de-donn%C3%A9es-analyse-de-tendance-affaires-planification-strat%C3%A9gie-57468452-676x723.jpg","WRKBgfnoB4mbUFlB2bGkzA==":"mbr-676x451.jpg","LyC1SjL6ldqxo/dPf5vBbg==":"mbr-1-676x451.jpg","DaijqPO4VL0MGL1OtItbVw==":"nr12-in129-420x315.jpg","6r0Pl9Y+Qaxp0Ayin3TPqw==":"curso-de-autocad-e-o-desenho-tecnico-492x292.jpg","R0Ra31EnHKGYI0w9xvJxLQ==":"dollarphotoclub-71491848-492x307.jpg","djTm8J2U0zF9LcNIGTn9oQ==":"76998-410x297.jpg","fCR5rH7uBdCS7JMUcr1tDg==":"producao-492x328.jpg","OeU2707Mulw3Qr/NT70c2Q==":"110103-entenda-a-importancia-da-gestao-de-processos-para-os-negocios-492x316.jpg","1x8aC8bwuPOs5bPazj+uFA==":"figura-3-layout-inicial-da-area-de-producao-de-disjuntores-o-fluxo-de-producao-inicia-se-492x353.png","Q1cf2aiNxhYEAOBhEDjBOg==":"5s-492x492.jpg","yU32iQ4bl/ZnfuuPAJG0bg==":"0000070_zoom_programa-5s-492x499.jpg","2D25w1lFZR5X3uIAZs5+/g==":"5s-methodology-492x394.jpg","rS0I3JJRsdrcoC+T1Grd4w==":"quimica-analitica-492x329.jpg","Pb0cD8eMOJ0Xd9tz/eHhcA==":"maxresdefault-492x364.jpg","401szIwlPpvTYaTQq7YRug==":"post_blog_skyhub_novembro_tudo_sobre_logistica-492x277.jpg","dA1Unl6wt1ydSQYrk+Zzjg==":"tratamento-de-efluentes-8-492x352.jpg","dy7pREovwIJ06MbZrcZ5Ow==":"automao-residencial.jpg","4Lc9SwgrojRyfjk6hJxFBg==":"post-automacao-1.jpg","JbGyWaEG6hPS4I/igqWpkA==":"arquiteto-2.png","OwfIkYoQnQ9WChdjEmEhOg==":"projeto-arquitetonico-1498985.jpg","CzNrlbyKmTARdvd3ogCkKw==":"7461063958-5fbd31019c-b.jpg","j5xTYhqGwfUvqSjHkZdtYw==":"projetos-obras-arquitetura-acessibilidade-sp.jpg","cnXaMGuLxoKKenQPCiQDHA==":"imgg-zz0b7598aeb9-800x600.jpg","WXfWJvBx+FKLNtzAOSKzMQ==":"exigencia-vistoria-tecnica.jpg","3/Va0XNPTO6H260HFVKVTA==":"mbr.jpg","Ntkw5Vxpu0Xjm8gLWd/geQ==":"cadastramento.jpg","xGAiO2P1qpfwblee6OZOGg==":"saiba-como-e-feito-o-estudo-de-viabilidade-economica-de-uma-empresa.jpeg","17YuXG9Yi+gfD63NiUqzIQ==":"economia.jpg","bdLAVQAjaXCjvn5Qbo/+/A==":"dollarphotoclub-71491848.jpg","Qrl8gXcCr/aEIkLGm45WJw==":"efi.png","byt99xEqAGYHfy1dfB6jYQ==":"20162134.760420.5032.jpeg","jZdsyvJb6k1c8C8t9vbkFw==":"mtodo-de-ensaio-de-dureza-1.jpg","qAypMyKhJdS5Yqz6uWvJEg==":"mtodo-de-ensaio-de-dureza-2.jpg","1ZXvYnlMu1t0sigWMr9TCQ==":"mtodo-de-ensaio-de-dureza-1-500x339.jpg","g/YnV2ShhKl1aLS6tr7sqA==":"curso-de-autocad-e-o-desenho-tecnico-680x404.jpg","kamOQuPZ/kmCOxZjJZAwfA==":"110103-entenda-a-importancia-da-gestao-de-processos-para-os-negocios-995x640.jpg","5Qrckdq+c2cLzYNAmjQKxA==":"figura-3-layout-inicial-da-area-de-producao-de-disjuntores-o-fluxo-de-producao-inicia-se.png","Nerl9H4A8tcByd0dJzA++Q==":"5s-methodology.jpg","d5bmrsq+h9Hq/RdMYgS5dw==":"quimica-analitica.jpg","L2jHLYAJoGZBtTr/GaWUAw==":"post-blog-skyhub-novembro-tudo-sobre-logistica.jpg","HdQANgyOz3F26e9k55cODQ==":"maxresdefault.jpg","u+6Ur3BS5GhIb8Pc8+agwA==":"tratamento-de-efluentes-8.jpg","SwB/EyjUEKlYS/wkMQdjUQ==":"ab892b17-6823-4ad1-ba66-448d72c9eb1f.jpeg","E+udC8X5+Sy88bgUmg51/g==":"logo-wesen.svg","kYs04jdhG/pYa/CjbuSgOw==":"mbr-1-1920x1279.jpg","HoeEF4HfT9nMa9Cg+v0y1w==":"02.jpg","S44MNwJ5Q8tf6IbPXbKoig==":"terreno.jpg","6R3Qcbv6RXC5QzDpb/KvFw==":"planta.jpg","ztBdyOy0nPlEB+m51Zuaog==":"terreno-1.jpg","A57lU8rxpQfdU+i4At3sNQ==":"cad.png","X8TCXMvpXYannBv6jm4tfw==":"rota-atual-quimica.png","/ZyAECqKB72Y4Z40r0R4Lg==":"rota-4-processos-quimica.png","HXGphSZLLSstXf0j5rGPmA==":"foto-1tubo.jpg","xla7RPw2cl5hxvaAOmYPZg==":"foto-2ensaio.jpg","18F70EkiD0Jhul7LdUSc8Q==":"teile.jpg","pXFVMRWTLcZuu+ywCHusyg==":"planta-final.png","ViLlAe+NX8dNuAisILBCZw==":"prova-teste03.png","I7tFKtzpA3ma9z2qKULNXw==":"mbr-1.jpg","0il6mQYJqz4xLt6Q6wz3WQ==":"dinamica-de-grupo.png","svFBQCWzIQsDANOBQ4wBsA==":"dinamica-de-grupo-1.png","Muq+LHLzETiBMWCbwtK8fQ==":"m000135229.jpg","V6JpUfKwkHAxmQX1XqoAsw==":"shutterstock-266900558.jpg","y1wQyKY94FxN+qNT53WJGA==":"shutterstock-266900559.jpg","Flzfs+5EGKUmsLr0Cg1DOQ==":"shutterstock-266900560.jpg","xP7o6H4AY2MM2ovYY/Dheg==":"dinmica-de-grupo-comunicao-3.png"}